<?xml version="1.0" encoding="utf-8"?>
<manifest identifier="_5oddG3HXO7q_course_id" version="1.0" xmlns="http://www.imsproject.org/xsd/imscp_rootv1p1p2" xmlns:adlcp="http://www.adlnet.org/xsd/adlcp_rootv1p2" xmlns:xsi="http://www.w3.org/2001/XMLSchema-instance" xsi:schemaLocation="http://www.imsproject.org/xsd/imscp_rootv1p1p2 imscp_rootv1p1p2.xsd http://www.imsglobal.org/xsd/imsmd_rootv1p2p1 imsmd_rootv1p2p1.xsd http://www.adlnet.org/xsd/adlcp_rootv1p2 adlcp_rootv1p2.xsd">
	<metadata>
		<schema>ADL SCORM</schema>
		<schemaversion>1.2</schemaversion>
		<lom xmlns="http://www.imsglobal.org/xsd/imsmd_rootv1p2p1" xmlns:xsi="http://www.w3.org/2001/XMLSchema-instance" xsi:schemaLocation="http://www.imsglobal.org/xsd/imsmd_rootv1p2p1 imsmd_rootv1p2p1.xsd">
			<general>
				<title>
					<langstring xml:lang="x-none">Financial Services 1.2.1</langstring>
				</title>
				<description>
					<langstring xml:lang="x-none">Practice Activity for Module
Keywords: Banking, Finance</langstring>
				</description>
				<keyword>
				  	<langstring xml:lang="x-none">Financial Services 2.2.2 - Storyline output</langstring>
        			</keyword>
			</general>
			<lifecycle>
				<version>
					<langstring xml:lang="x-none">1</langstring>
				</version>
				<status>
					<source>
						<langstring xml:lang="x-none">LOMv1.0</langstring>
					</source>
					<value>
						<langstring xml:lang="x-none">Final</langstring>
					</value>
				</status>
			</lifecycle>
			<metametadata>
				<metadatascheme>ADL SCORM 1.2</metadatascheme>
			</metametadata>
			<educational>
				<typicallearningtime>
					<datetime>PT0H0M0S</datetime>
				</typicallearningtime>
			</educational>
			<rights>
				<cost>
					<source>
						<langstring xml:lang="x-none">LOMv1.0</langstring>
					</source>
					<value>
						<langstring xml:lang="x-none">yes</langstring>
					</value>
				</cost>
				<copyrightandotherrestrictions>
					<source>
						<langstring xml:lang="x-none">LOMv1.0</langstring>
					</source>
					<value>
						<langstring xml:lang="x-none">yes</langstring>
					</value>
				</copyrightandotherrestrictions>
			</rights>
		</lom>
	</metadata>
	<organizations default="Financial_Services_1.2.1_ORG">
		<organization identifier="Financial_Services_1.2.1_ORG">
			<title>Financial Services 1.2.1</title>
			<item identifier="EJEMPLO_QUIZ_VIERNES_SCO" isvisible="true" identifierref="__5oddG3HXO7q_course_id_RES">
				<title>Financial Services 1.2.1</title>
				<adlcp:masteryscore>50</adlcp:masteryscore>
			</item>
		</organization>
	</organizations>
	<resources>
	    <resource identifier="__5oddG3HXO7q_course_id_RES" type="webcontent" href="index_lms.html" adlcp:scormtype="sco">
		<file href="story_content/thumbnail.jpg"/>
<file href="story_content/67EnI2Y8qgN_80_DX1912_DY1912.swf"/>
<file href="mobile/67EnI2Y8qgN_80_DX1912_DY1912_CX956_CY669.png"/>
<file href="mobile/67EnI2Y8qgN_80_DX1912_DY1912_CX867_CY607.png"/>
<file href="story_content/report.html"/>
<file href="story_content/66SInY8InsK_80_DX608_DY608.swf"/>
<file href="mobile/66SInY8InsK_80_DX608_DY608_CX352_CY456.png"/>
<file href="story_content/5nivcLEoS5Y_80_DX608_DY608.swf"/>
<file href="mobile/5nivcLEoS5Y_80_DX608_DY608_CX352_CY456.png"/>
<file href="meta.xml"/>
<file href="story_content/FontFactory.swf"/>
<file href="story_content/fonts.swf"/>
<file href="story_content/frame.xml"/>
<file href="story_content/frame.json"/>
<file href="story_content/user.js"/>
<file href="story.swf"/>
<file href="story_content/frame.swf"/>
<file href="story_content/slides/6Lc53NAEwXk.swf"/>
<file href="story_content/slides/5mZz4hcynuR.swf"/>
<file href="story_content/slides/6dt5lQtrikj.swf"/>
<file href="story_content/slides/6cdp69B5Mxv.swf"/>
<file href="story_content/slides/5dtGpjydVfL.swf"/>
<file href="story_content/slides/6Pr9ga0tElb.swf"/>
<file href="story_content/slides/5nYMs4RpOvT.swf"/>
<file href="story_content/slides/6YxCAsVdd3l.swf"/>
<file href="story_content/slides/5qJv1LETdcq.swf"/>
<file href="story_content/slides/5ru5XEWwwBe.swf"/>
<file href="story_content/slides/5jakogiZQN2.swf"/>
<file href="story_content/slides/6P4FtcvJgLH.swf"/>
<file href="story_content/data.swf"/>
<file href="html5/data/css/output.min.css"/>
<file href="html5/data/js/5dtGpjydVfL.js"/>
<file href="html5/data/js/5jakogiZQN2.js"/>
<file href="html5/data/js/5mZz4hcynuR.js"/>
<file href="html5/data/js/5nYMs4RpOvT.js"/>
<file href="html5/data/js/5qJv1LETdcq.js"/>
<file href="html5/data/js/5ru5XEWwwBe.js"/>
<file href="html5/data/js/6cdp69B5Mxv.js"/>
<file href="html5/data/js/6dt5lQtrikj.js"/>
<file href="html5/data/js/6Lc53NAEwXk.js"/>
<file href="html5/data/js/6P4FtcvJgLH.js"/>
<file href="html5/data/js/6Pr9ga0tElb.js"/>
<file href="html5/data/js/6YxCAsVdd3l.js"/>
<file href="html5/data/js/data.js"/>
<file href="html5/data/js/frame.js"/>
<file href="html5/data/js/paths.js"/>
<file href="html5/lib/scripts/app.min.js"/>
<file href="html5/lib/stylesheets/main.min.css"/>
<file href="html5/lib/stylesheets/mobile-fonts/open-sans-bold.woff"/>
<file href="html5/lib/stylesheets/mobile-fonts/open-sans-light.woff"/>
<file href="html5/lib/stylesheets/mobile-fonts/open-sans-regular.woff"/>
<file href="story.html"/>
<file href="story_flash.html"/>
<file href="story_html5.html"/>
<file href="story_content/blank.html"/>
<file href="story_content/story.js"/>
<file href="index_lms.html"/>
<file href="index_lms_html5.html"/>
<file href="index_lms_flash.html"/>
<file href="lms/AICCComm.html"/>
<file href="lms/AICCFunctions.js"/>
<file href="lms/API.js"/>
<file href="lms/APIConstants.js"/>
<file href="lms/blank.html"/>
<file href="lms/browsersniff.js"/>
<file href="lms/Configuration.js"/>
<file href="lms/goodbye.html"/>
<file href="lms/lms.js"/>
<file href="lms/LMSAPI.js"/>
<file href="lms/NONEFunctions.js"/>
<file href="lms/SCORM2004Functions.js"/>
<file href="lms/SCORMFunctions.js"/>
<file href="lms/UtilityFunctions.js"/>
	    </resource>
	</resources>
</manifest>
